name,price,quantity,1,2,3,4
【故宫淘宝】便有香风吹左右-大雅斋花鸟系列和纸胶带,30,2422,,,,
【故宫淘宝】丝路山水套装和纸胶带,60,2294,,,,
【故宫淘宝】珠光闪闪的故宫小鹿和纸胶带,15,1735,,,,
【故宫淘宝】逐青点墨-青花系列套装和纸胶带,38,2878,,,,
【故宫淘宝】月清桂影斜-和纸胶带,18,2439,,,,
【故宫淘宝】银底粉彩桃花和纸胶带,21,3277,,,,
【故宫淘宝】风花雪月-手绘紫禁城二十四节气和纸胶带套装,99,1677,,,,
【故宫淘宝】暗黑里的绚烂-故宫百宝嵌和纸胶带套装,80,3359,,,,
【故宫淘宝】摄人心魄的华美-故宫点翠和纸胶带套装,88,3527,,,,
【故宫淘宝】我要这浮天沧海为你所有-海水江崖和纸胶带套装,60,2976,,,,
【故宫淘宝】大红国风-漆嵌百花和纸胶带套装,109,2498,,,,
【故宫淘宝】月白色洋花纹和纸胶带,21,1626,,,,
【故宫淘宝】一整套小花细边-陌上花开和纸胶带,35,1349,,,,
【故宫淘宝】缠枝卷草纹套装和纸胶带,45,1114,,,,
【此款售完无补】手绘故宫馆藏鼻烟壶和纸胶带,18,290,,,,
【故宫淘宝】康熙的审美-康熙五彩瓷和纸胶带,15,209,,,,
【故宫淘宝】春入花梢燕双飞和纸胶带,15,2698,,,,
【故宫淘宝】手绘极尽奢华的宫廷珠宝盆景和纸胶带,25,277,,,,
【故宫淘宝】故宫镇馆之宝《清明上河图》长循环和纸胶带,35,379,,,,
【故宫淘宝】少女的世界是粉色-手绘格格的闺房和纸胶带,35,183,,,,
【此款售完无补】人生如此，拿酒来！手绘故宫馆藏酒器和纸胶带,15,420,,,,
【此款售完无补】故宫馆藏书画文物之宝-《五牛图》和纸胶带,21,257,,,,
【故宫淘宝】宋徽宗瘦金书画《祥龙石》和纸胶带,18,405,,,,
【故宫淘宝】抬头看！琉璃顶上有好多猫-和纸胶带,21,384,,,,
【故宫淘宝】可以填色的紫禁城建筑线稿和纸胶带,35,477,,,,
【故宫淘宝】2017故宫青绿山水画特展周边-青山绿水和纸胶带,35,390,,,,
【故宫淘宝】朕的萌宠和纸胶带,18,207,,,,
【故宫淘宝】唯有牡丹真国色烫金和纸胶带,21,1085,,,,
【故宫淘宝】墨彩花鸟烫银和纸胶带,18,1085,,,,
【故宫淘宝】紫藤金雀纹和纸胶带,15,127,,,,
【故宫淘宝】节食是为了锻炼克制力的筒格格瘦身和纸胶带,18,207,,,,
【故宫淘宝】朕的童年和纸胶带,18,177,,,,
【故宫淘宝】心情不好就爱收拾房间的筒格格劳动篇和纸胶带,18,190,,,,
【故宫淘宝】宋徽宗赵佶瘦金书法《夏日诗》和纸胶带,15,304,,,,
【此款售完无补】可以剪下来当插画的《婴戏图》和纸胶带,32,594,,,,
【故宫淘宝】有风翩翩来五彩百蝶纹烫银和纸胶带,18,185,,,,
【故宫淘宝】历史如青铜般厚重的全新青铜纹饰套装和纸胶带,60,177,,,,
【故宫淘宝】烫金掐丝珐琅缠枝莲纹和纸胶带 故宫胶带,18,1221,,,,
【故宫淘宝】故宫纪念品 颜值超高的烫金烫银双色云鹤纹和纸胶带,45,2929,,,,
【故宫淘宝】不同角度会有不同颜色的黑漆嵌螺钿和纸胶带,20,1468,,,,
【故宫淘宝】水墨山水《潇湘图》超透工艺和纸胶带,18,394,,,,
【故宫淘宝】烫金矾红彩鱼纹和纸胶带,18,364,,,,
【故宫淘宝】寂寞空庭春欲晚手绘紫禁城梨花和纸胶带,32,510,,,,
【故宫淘宝】似有清风徐来的手绘宫廷团扇和纸胶带,25,161,,,,
【故宫淘宝】它自顾自美丽的青花纹饰套装和纸胶带,56,325,,,,
【故宫淘宝】可以拼出整个故宫的《紫禁城营造》礼盒装和纸胶带,360,117,,,,
【故宫淘宝】枝梅纹烫金和纸胶带,18,622,,,,
【故宫淘宝】这个冬天想带你去看紫禁城的雪和纸胶带,35,446,,,,
【故宫淘宝】草书《李白上阳台帖》和纸胶带,23,272,,,,
【故宫淘宝】千花万蕊和纸胶带,23,197,,,,
【故宫淘宝】万字纹烫金和纸胶带,15,497,,,,
【故宫淘宝】故宫中轴线烫金和纸胶带,18,297,,,,
【故宫淘宝】超霸气的烫金龙纹和纸胶带,15,917,,,,
【故宫淘宝】天子玺印和纸胶带（每循环2米）,25,349,,,,
【故宫淘宝】海水纹烫金和纸胶带,15,1422,,,,
【故宫淘宝】宋百花图卷和纸胶带,21,248,,,,
【故宫淘宝】蝙蝠纹烫金和纸胶带,15,139,,,,
【故宫淘宝】行书《兰亭序帖》和纸胶带,21,291,,,,
【故宫淘宝】宋人花鸟画和纸胶带,21,252,,,,
【故宫淘宝】知道了和纸胶带,18,304,,,,
【故宫淘宝】祥云纹烫金和纸胶带,15,208,,,,
【故宫淘宝】韩熙载夜宴图和纸胶带,18,231,,,,
【故宫淘宝】博古纹四季花和纸胶带,25,147,,,,
【故宫淘宝】梅花冰裂纹烫金和纸胶带,15,866,,,,
【故宫淘宝】千里江山图和纸胶带,18,526,,,,
【故宫淘宝】粉彩牡丹和纸胶带,15,266,,,,
【故宫淘宝】雍正御批和纸胶带（盒装）,25,203,,,,
【故宫淘宝】堂皇典雅和纸胶带（盒装）,25,122,,,,
【故宫淘宝】雕梁焕彩和纸胶带（盒装）,25,273,,,,
【故宫淘宝】富贵天香和纸胶带（盒装）,25,410,,,,